Nombre Estacion,Latitude,Longitude,Alcaldia
RIO SENA - RIO BALSAS E1,19.43357361,-99.16781243,CUAUHTEMOC
RIO GUADALQUIVIR - RIO BALSAS E2,19.43139026,-99.17169704,CUAUHTEMOC
REFORMA - INSURGENTES E3,19.43166286,-99.15866598,CUAUHTEMOC
RIO NILO - RIO PANUCO E4,19.42831635,-99.17171195,CUAUHTEMOC
RIO PANUCO - RIO TIBER E5,19.42972031,-99.16936277,CUAUHTEMOC
RIO PANUCO - RIO SENA E6,19.43092819,-99.16695697,CUAUHTEMOC
RIO ELBA - RIO LERMA E7,19.42547122,-99.17516598,CUAUHTEMOC
REFORMA - GENERAL PRIM E8,19.43114098,-99.1583175,CUAUHTEMOC
RIO GUADALQUIVIR - RIO LERMA E9,19.42800953,-99.16992015,CUAUHTEMOC
REFORMA - RAMIREZ E10,19.43332197,-99.15475104,CUAUHTEMOC
RIO AMAZONAS - RIO LERMA E11,19.43099312,-99.16359383,CUAUHTEMOC
RIO LERMA - VILLALONGIN E12,19.43232527,-99.1615967,CUAUHTEMOC
REFORMA - RIO MISSISSIPPI E13,19.42502389,-99.17230759,CUAUHTEMOC
REFORMA - RIO DE PLATA E14,19.42477029,-99.1732619,CUAUHTEMOC
REFORMA - RIO MISSISSIPPI E15,19.42547921,-99.17156699,CUAUHTEMOC
REFORMA - RIO TIBER E16,19.42722993,-99.16824257,CUAUHTEMOC
REFORMA - RIO TIBER E17,19.42750348,-99.16712568,CUAUHTEMOC
REFORMA - RIO RHIN E18,19.42887914,-99.16417536,CUAUHTEMOC
REFORMA - RIO RHIN E19,19.42924307,-99.16337555,CUAUHTEMOC
REFORMA- RIO TAMESIS E20,19.43096504,-99.16020609,CUAUHTEMOC
REFORMA - DUBLIN E21,19.42472248,-99.172061,CUAUHTEMOC
REFORMA - MANCHESTER E22,19.42438073,-99.17257732,CUAUHTEMOC
REFORMA - PRAGA E23,19.42517152,-99.1710518,CUAUHTEMOC
REFORMA- VARSOVIA E24,19.42647217,-99.1682188,CUAUHTEMOC
REFORMA - ESTOCOLMO E25,19.42732207,-99.16666395,CUAUHTEMOC
REFORMA - VERSALLES E26,19.43268436,-99.15472854,CUAUHTEMOC
REFORMA- HAVRE E27,19.42912329,-99.16261423,CUAUHTEMOC
TOLEDO- TOKIO E28,19.42354802,-99.17249502,CUAUHTEMOC
REFORMA - BUCARELI E29,19.43492142,-99.1499371,CUAUHTEMOC
HAMBURGO - GENOVA E30,19.42644185,-99.16432491,CUAUHTEMOC
HAMBURGO - INSURGENTES E31,19.42783691,-99.16119279,CUAUHTEMOC
LONDRES - SEVILLA E32,19.42270762,-99.16992038,CUAUHTEMOC
LONDRES - FLORENCIA E33,19.42423587,-99.16643321,CUAUHTEMOC
LIVERPOOL - GENOVA E34,19.42473318,-99.16333684,CUAUHTEMOC
LIVERPOOL - GENOVA E35,19.42468027,-99.1632905,CUAUHTEMOC
PUEBLA - VERACRUZ E36,19.41972321,-99.17577894,CUAUHTEMOC
GUADALAJARA - PUEBLA E37,19.4204223,-99.17267928,CUAUHTEMOC
COZUMEL - PUEBLA E38,19.4208065,-99.17140615,CUAUHTEMOC
PUEBLA - MEDELLIN E39,19.42176242,-99.16694305,CUAUHTEMOC
OAXACA - PUEBLA E40,19.42223274,-99.16429842,CUAUHTEMOC
REFORMA - AV. DE LA REPUBLICA E41,19.43564064,-99.15013645,CUAUHTEMOC
SINALOA - VALLADOLID E42,19.4204739,-99.16823664,CUAUHTEMOC
REVILLAGIGEDO - JUAREZ E43,19.43523448,-99.14606543,CUAUHTEMOC
DURANGO - VERACRUZ E44,19.41806465,-99.17475954,CUAUHTEMOC
DURANGO - SONORA E45,19.41864949,-99.17212579,CUAUHTEMOC
DURANGO - SALAMANCA E46,19.41921843,-99.16973391,CUAUHTEMOC
GLORIETA CIBELES - OAXACA E47,19.41952404,-99.16629754,CUAUHTEMOC
INDEPENDENCIA - AZUETA E48,19.43369089,-99.146559,CUAUHTEMOC
MAZATLAN - JUAN DE LA BARRERA E49,19.41672167,-99.17570271,CUAUHTEMOC
CUERNAVACA - VERACRUZ E50,19.41694264,-99.17364888,CUAUHTEMOC
COLIMA - OAXACA E51,19.4179935,-99.16824695,CUAUHTEMOC
HIDALGO - TRUJANO E52,19.43623587,-99.14204225,CUAUHTEMOC
FERNANDO MONTES DE OCA - TULA E53,19.41477346,-99.17843338,CUAUHTEMOC
PARQUE ESPAÑA - SONORA E54,19.41622339,-99.17082766,CUAUHTEMOC
5 DE MAYO - BOLIVAR E55,19.4343636,-99.13806634,CUAUHTEMOC
ALVARO OBREGON - MEDELLIN E56,19.4169629,-99.16570412,CUAUHTEMOC
CUERNAVACA - JUAN ESCUTIA E57,19.4149074,-99.17495191,CUAUHTEMOC
PARQUE ESPAÑA - JUAN DE LA BARRERA E58,19.41568662,-99.1717926,CUAUHTEMOC
POPOCATEPETL - AMSTERDAM E59,19.41512027,-99.16665893,CUAUHTEMOC
MAZATLAN - FERNANDO MONTES DE OCA E60,19.41419995,-99.17712616,CUAUHTEMOC
AVENIDA MEXICO - SONORA E61,19.41374592,-99.16952356,CUAUHTEMOC
FERNANDO MONTES DE OCA - AMATLAN E62,19.41333108,-99.17520561,CUAUHTEMOC
NUEVO LEON - LAREDO E63,19.41368378,-99.17152887,CUAUHTEMOC
SONORA - AMSTERDAM E64,19.41288423,-99.16698729,CUAUHTEMOC
MARCONI - TACUBA E65,19.43614751,-99.13990586,CUAUHTEMOC
MAZATLAN - FRANCISCO MARQUEZ E66,19.411409,-99.17866326,CUAUHTEMOC
VICENTE SUAREZ - MICHOACAN E67,19.41180177,-99.17588182,CUAUHTEMOC
TAMAULIPAS - MICHOACAN E68,19.41156065,-99.17406208,CUAUHTEMOC
MICHOACAN - AMSTERDAM E69,19.41073773,-99.16811289,CUAUHTEMOC
PARQUE MEXICO - MICHOACAN E70,19.41127625,-99.16971655,CUAUHTEMOC
AMSTERDAM - MICHOACAN E71,19.41142507,-99.17135232,CUAUHTEMOC
MAZATLAN - ALFONSO REYES E72,19.40990014,-99.179546,CUAUHTEMOC
CAMPECHE - TAMAULIPAS E73,19.41025012,-99.17561313,CUAUHTEMOC
NUEVO LEON - OZULAMA E74,19.41034424,-99.17283364,CUAUHTEMOC
ALFONSO REYES - ATLIXCO E75,19.40872694,-99.17668969,CUAUHTEMOC
CHILPANCINGO - CAMPECHE E76,19.40873647,-99.16991615,CUAUHTEMOC
CHOAPAN - TAMAULIPAS E77,19.40677153,-99.1783198,CUAUHTEMOC
BENJAMIN HILL - TAMAULIPAS E78,19.40751092,-99.17738243,CUAUHTEMOC
SALTILLO - ALFONSO REYES E79,19.40753941,-99.17442671,CUAUHTEMOC
NUEVO LEON - AGUASCALIENTES E80,19.40730769,-99.17212025,CUAUHTEMOC
AGUASCALIENTES - INSURGENTES E81,19.40800424,-99.16847661,CUAUHTEMOC
INDEPENDENCIA - MARROQUI E82,19.43311864,-99.14368965,CUAUHTEMOC
NUEVO LEON - ALFONSO REYES E83,19.40629687,-99.17211821,CUAUHTEMOC
CHILPANCINGO - TLAXCALA E84,19.40702561,-99.16958885,CUAUHTEMOC
ROSAS MORENO - SULLIVAN E85,19.43425429,-99.16250671,CUAUHTEMOC
SULLIVAN - INSURGENTES E86,19.43238257,-99.15907884,CUAUHTEMOC
GANTE - VENUSTIANO CARRANZA E87,19.43183059,-99.13974302,CUAUHTEMOC
2A CERRADA DE 5 DE MAYO - PALMA E88,19.43381755,-99.13530422,CUAUHTEMOC
REPUBLICA DE GUATEMALA - MONTE DE PIEDAD E89,19.43494431,-99.13398669,CUAUHTEMOC
JOSE MARIA PINO SUAREZ - CORREGIDORA E90,19.43170257,-99.13244573,CUAUHTEMOC
REPUBLICA DE CUBA - ALLENDE E91,19.43740188,-99.13757215,CUAUHTEMOC
SAN ILDEFONSO - REPUBLICA DE ARGENTINA E92,19.43652909,-99.13149504,CUAUHTEMOC
PALMA NORTE - REPUBLICA DE CUBA E93,19.43674779,-99.13480964,CUAUHTEMOC
LIC. VERDAD - MONEDA E94,19.43376861,-99.13091659,CUAUHTEMOC
20 DE NOVIEMBRE - VENUSTIANO CARRANZA E95,19.43072228,-99.13369925,CUAUHTEMOC
LOPEZ - AYUNTAMIENTO E96,19.43063483,-99.14248012,CUAUHTEMOC
REPUBLICA DE SALVADOR - PINO SUAREZ E97,19.42919383,-99.1327602,CUAUHTEMOC
EMILIO DONDE - AV. BALDERAS E98,19.43026647,-99.14860732,CUAUHTEMOC
ERNESTO PUGIBET - LUIS MOYA E99,19.4299568,-99.14590994,CUAUHTEMOC
20 DE NOVIEMBRE - MESONES E100,19.42848717,-99.13380217,CUAUHTEMOC
1ER. CALLEJON DE MESONES - MESONES E101,19.42836409,-99.13589348,CUAUHTEMOC
ECHEVESTE - BOLIVAR E102,19.42821127,-99.13948771,CUAUHTEMOC
JOAQUIN VELAZQUEZ DE LEON - GARCIA ICAZBALCETA E103,19.4416673,-99.16521601,CUAUHTEMOC
SAN JERONIMO - ISABEL LA CATOLICA E104,19.42705892,-99.13711716,CUAUHTEMOC
SAN JERONIMO - 5 DE FEBRERO E105,19.42675437,-99.13501286,CUAUHTEMOC
SAN JERONIMO - JOSE MARIA PINO SUAREZ E106,19.42649368,-99.13353874,CUAUHTEMOC
TOLSA - BALDERAS E107,19.42733372,-99.14997032,CUAUHTEMOC
TOLSA - BALDERAS E108,19.42731412,-99.14953568,CUAUHTEMOC
NEZAHUALCOYOTL - ISABEL LA CATOLICA E109,19.4253186,-99.13742747,CUAUHTEMOC
DR. VALENZUELA - DR. RIO DE LA LOZA E110,19.42513745,-99.14338749,CUAUHTEMOC
GUILLERMO PRIETO - JOAQUIN VELAZQUEZ DE LEON E111,19.43824277,-99.1659446,CUAUHTEMOC
AV. MORELOS - ABRAHAM GONZALEZ E112,19.43282588,-99.15173598,CUAUHTEMOC
GENERAL PRIM - VERSALLES E113,19.4303676,-99.15441718,CUAUHTEMOC
LUCERNA - ABRAHAM GONZALEZ E114,19.42899124,-99.15361752,CUAUHTEMOC
ROMA - DINAMARCA E115,19.42995203,-99.15969578,CUAUHTEMOC
LONDRES - ROMA E116,19.42899136,-99.15663845,CUAUHTEMOC
LONDRES - NAPOLES E117,19.42713881,-99.16037237,CUAUHTEMOC
LIVERPOOL - DINAMARCA E118,19.42712032,-99.15825279,CUAUHTEMOC
TURIN - ABRAHAM GONZALEZ E119,19.42679835,-99.15553937,CUAUHTEMOC
MARSELLA - NAPOLES E120,19.42544293,-99.15945779,CUAUHTEMOC
NIZA - CHAPULTEPEC E121,19.42414487,-99.16131636,CUAUHTEMOC
JOSE MARIA VERTIZ - AV. DR. RIO DE LA LOZA E122,19.42550056,-99.14633788,CUAUHTEMOC
CLAUDIO BERNARD - DR. LAVISTA E123,19.42416439,-99.15312033,CUAUHTEMOC
CLAUDIO BERNARD - DR. LICEAGA E124,19.42239297,-99.15035315,CUAUHTEMOC
MORELIA - CIRCULAR DE MORELIA E125,19.42454201,-99.15620398,CUAUHTEMOC
JALAPA - PUEBLA E126,19.42229306,-99.16213692,CUAUHTEMOC
PUEBLA - MERIDA E127,19.42332403,-99.15832776,CUAUHTEMOC
ORIZABA - RIO DE JANEIRO E128,19.42215099,-99.16064566,CUAUHTEMOC
TONALA - DURANGO E129,19.42060437,-99.16331209,CUAUHTEMOC
MERIDA - DURANGO E130,19.42157372,-99.1580163,CUAUHTEMOC
COLIMA - JALAPA E131,19.41958264,-99.16131613,CUAUHTEMOC
COLIMA - FRONTERA E132,19.42067333,-99.15645131,CUAUHTEMOC
COLIMA - MORELIA E133,19.42114064,-99.15472447,CUAUHTEMOC
ALVARO OBREGON - ORIZABA E134,19.41830701,-99.1595615,CUAUHTEMOC
ALVARO OBREGON - MORELIA E135,19.41922816,-99.15509693,CUAUHTEMOC
TONALA - ALVARO OBREGON E136,19.41772138,-99.16272472,CUAUHTEMOC
ALVARO OBREGON - MERIDA E137,19.41878266,-99.15708399,CUAUHTEMOC
GUANAJUATO - FRONTERA E138,19.41771168,-99.15530947,CUAUHTEMOC
TONALA - GUANAJUATO E139,19.41613341,-99.16209973,CUAUHTEMOC
MERIDA - ZACATECAS E140,19.41660635,-99.15685321,CUAUHTEMOC
ZACATECAS - LUIS CABRERA E141,19.41590916,-99.15954121,CUAUHTEMOC
SAN LUIS POTOSI - EJE 2 PTE. MONTERREY E142,19.41323521,-99.16411641,CUAUHTEMOC
CORDOBA - SAN LUIS POTOSI E143,19.41431019,-99.15754491,CUAUHTEMOC
FRONTERA - SAN LUIS POTOSI E144,19.41520121,-99.15483442,CUAUHTEMOC
EJE 2 SUR YUCATAN - CHIAPAS E145,19.41286228,-99.16066095,CUAUHTEMOC
COAHUILA - MANZANILLO E146,19.4107416,-99.16571654,CUAUHTEMOC
COAHUILA - ORIZABA E147,19.4121836,-99.15844635,CUAUHTEMOC
COAHUILA - AV. CUAUHTEMOC E148,19.41283141,-99.15511266,CUAUHTEMOC
MERIDA - ANTONIO ANZA E149,19.41199269,-99.15570089,CUAUHTEMOC
CAMPECHE - MEDELLIN E150,19.40996908,-99.16429332,CUAUHTEMOC
CAMPECHE - TONALA E151,19.41053646,-99.16087105,CUAUHTEMOC
TLACOTALPAN - CAMPECHE E152,19.40910154,-99.16717848,CUAUHTEMOC
MANZANILLO - TLAXCALA E153,19.40747102,-99.16513882,CUAUHTEMOC
TUXPAN - TLAXCALA E154,19.40669397,-99.16796101,CUAUHTEMOC
JALAPA - TLAXCALA E155,19.40822003,-99.15991041,CUAUHTEMOC
TEPIC - ARIO E156,19.40698428,-99.16298534,CUAUHTEMOC
TEPIC - TLACOTALPAN E157,19.40623605,-99.16661557,CUAUHTEMOC
HUATABAMPO - EJE 1 PTE. AV. CUAUHTEMOC E158,19.40744896,-99.15571879,CUAUHTEMOC
HUATABAMPO - EJE 1 PTE. AV. CUAUHTEMOC E159,19.40751791,-99.15537229,CUAUHTEMOC
ALFONSO HERRERA - GABINO BARRERA E160,19.44025256,-99.16346275,CUAUHTEMOC
QUINTANA ROO - MANZANILLO E161,19.40553735,-99.16491547,CUAUHTEMOC
TEHUANTEPEC - MEDELLIN E162,19.40490846,-99.16248593,CUAUHTEMOC
TOLUCA - BAJIO E163,19.40525698,-99.1564344,CUAUHTEMOC
BAJIO - TLACOTALPAN E164,19.40320874,-99.16596145,CUAUHTEMOC
BAJIO - EJE 2 PTE. MONTERREY E165,19.40427007,-99.16050531,CUAUHTEMOC
JOAQUIN GARCIA - IGNACIO MANUEL ALTAMIRANO E174,19.44111355,-99.16163791,CUAUHTEMOC
LUIS DONALDO COLOSIO - AV. JESUS GARCIA E176,19.44269049,-99.15228798,CUAUHTEMOC
BENJAMIN HILL - CARLOS ZETINA E177,19.40884607,-99.18169159,CUAUHTEMOC
TAMAULIPAS - FRANCISCO MURGUIA E178,19.40683267,-99.1804555,CUAUHTEMOC
NUEVO LEON - QUINTANA ROO E179,19.40445428,-99.1714379,CUAUHTEMOC
QUINTANA ROO - VILLA HERMOSA E180,19.40455778,-99.16995407,CUAUHTEMOC
BENJAMIN FRANKLIN - OMETUSCO E181,19.4047286,-99.17448034,CUAUHTEMOC
GABINO BARRERA - GUILLERMO PRIETO E183,19.43767628,-99.16401751,CUAUHTEMOC
ALFONSO HERRERA - MIGUEL SHULTZ E254,19.43935358,-99.16007039,CUAUHTEMOC
JOSE ROSAS MORENO - GUILLERMO PRIETO E255,19.43716523,-99.16180888,CUAUHTEMOC
GOMEZ FARIAS - SADI CARNOT E256,19.43720572,-99.15816203,CUAUHTEMOC
MANUEL MARIA CONTRERAS - VILLALONGIN E257,19.43380601,-99.16621933,CUAUHTEMOC
TOMAS ALVA EDISON - PONCIANO ARRIAGA E259,19.43757059,-99.15467971,CUAUHTEMOC
AV. JUAREZ - BALDERAS E260,19.43538153,-99.1477292,CUAUHTEMOC
PASEO DE LA REFORMA - RIO DE LA PLATA E261,19.4249545,-99.17245704,CUAUHTEMOC
REPUBLICA DE CUBA - REPUBLICA DE BRASIL E262,19.43692419,-99.13394595,CUAUHTEMOC
SADI CARNOT - GOMEZ FARIAS E263,19.43627791,-99.15841291,CUAUHTEMOC
H. FERROCARRILEROS - JESUS GARCIA E264,19.44098977,-99.15293768,CUAUHTEMOC
JESUS GARCIA - HEROES FERROCARRILEROS E265,19.44083865,-99.15226499,CUAUHTEMOC
AV. JESUS GARCIA - CARLOS J. MENESES E266,19.44403452,-99.15218404,CUAUHTEMOC
CARLOS J. MENESES - AV. JESUS GARCIA E267,19.44374455,-99.15220167,CUAUHTEMOC
LUIS DONALDO COLOSIO - AV. JESUS GARCIA E268,19.44246654,-99.15165876,CUAUHTEMOC
LUIS DONALDO COLOSIO - ALDAMA E269,19.4424496,-99.15158467,CUAUHTEMOC
DE LA REPUBLICA - PONCIANO ARRIAGA E270,19.43676086,-99.1538689,CUAUHTEMOC
AV. JESUS GARCIA - J. MENESES E271,19.4439229,-99.1525302,CUAUHTEMOC
AV. JESUS GARCIA - J. MENESES E272,19.44355959,-99.15255563,CUAUHTEMOC
LUIS DONALDO COLOSIO - AV. JESUS GARCIA E273,19.44270929,-99.15295634,CUAUHTEMOC
LUIS DONALDO COLOSIO - AV. INSURGENTES NORTE E274,19.44277172,-99.15328924,CUAUHTEMOC
HEROES FERROCARRILEROS - AV. JESUS GARCIA E275,19.44106162,-99.15316159,CUAUHTEMOC
AGUSTIN MELGAR - ZAMORA E447,19.41886263,-99.17677741,CUAUHTEMOC
DR. ANDRADE - ARCOS DE BELEN E448,19.4266175,-99.14446803,CUAUHTEMOC
ACAPULCO - PUEBLA E449,19.42017838,-99.1743946,CUAUHTEMOC
RAMOS ARIZPE - PUENTE DE ALVARADO E450,19.43835874,-99.15222874,CUAUHTEMOC
ANAXAGORAS - OBRERO MUNDIAL E276,19.40198416,-99.15636537,BENITO JUAREZ
AMPLIACION TONALA - OBRERO MUNDIAL E277,19.401814,-99.15908987,BENITO JUAREZ
MIER Y PESADO - OBRERO MUNDIAL E278,19.40070941,-99.16382853,BENITO JUAREZ
LA MORENA - PROVIDENCIA E279,19.39991179,-99.16655026,BENITO JUAREZ
ANAXAGORAS - OBRERO MUNDIAL E280,19.40149808,-99.15640683,BENITO JUAREZ
PITAGORAS - LA MORENA E281,19.39853232,-99.157308,BENITO JUAREZ
LA MORENA - EJE 2 PONIENTE GABRIEL MANCERA E282,19.39869649,-99.16127271,BENITO JUAREZ
AV. COYOACAN - RAFAEL DONDE E283,19.39826924,-99.16738262,BENITO JUAREZ
DAKOTA - VERMONT E284,19.39769211,-99.17298357,BENITO JUAREZ
11 DE ABRIL - AVENIDA 2 E288,19.39633689,-99.18357183,BENITO JUAREZ
CHICAGO - YOSEMITE E289,19.3973068,-99.174551,BENITO JUAREZ
YOSEMITE - COLORADO E290,19.39637153,-99.17269501,BENITO JUAREZ
MAGDALENA - DIVISION DEL NORTE E291,19.39765271,-99.16994682,BENITO JUAREZ
ADOLFO PRIETO - EJE 4 SUR XOLA E292,19.39692369,-99.16626151,BENITO JUAREZ
MIER Y PESADO - EJE 4 SUR XOLA E293,19.39738148,-99.16459719,BENITO JUAREZ
NICOLAS SAN JUAN - EJE 4 SUR XOLA E294,19.39651937,-99.160924,BENITO JUAREZ
ANAXAGORAS - EJE 4 SUR XOLA E295,19.39632779,-99.15686783,BENITO JUAREZ
DIAGONAL SAN ANTONIO - ENRIQUE REBSAMEN E296,19.39427128,-99.15865963,BENITO JUAREZ
DIAGONAL SAN ANTONIO - ENRIQUE REBSAMEN E297,19.39441361,-99.15890608,BENITO JUAREZ
ROMERO DE TERREROS - GABRIEL MANCERA E298,19.39407076,-99.16214059,BENITO JUAREZ
ROMERO DE TERREROS - MIER Y PESADO E299,19.39460524,-99.16505625,BENITO JUAREZ
PROVIDENCIA - LUZ SAVIÑON E300,19.39327008,-99.16833317,BENITO JUAREZ
LUZ SAVIÑON - MAGDALENA E301,19.39380774,-99.17113402,BENITO JUAREZ
LUZ SAVIÑON - MAGDALENA E302,19.39383843,-99.17146604,BENITO JUAREZ
MONTESITO - AV. INSURGENTES E303,19.39483921,-99.17302643,BENITO JUAREZ
MONTESITO - DAKOTA E304,19.39505797,-99.17384852,BENITO JUAREZ
AVENIDA DEL PARQUE - ARIZONA E305,19.39469807,-99.17553053,BENITO JUAREZ
DAKOTA - FILADELFIA E306,19.39369902,-99.17566585,BENITO JUAREZ
MINESOTA - DAKOTA E307,19.39370449,-99.17583132,BENITO JUAREZ
NUEVA YORK - ARIZONA E308,19.39359541,-99.17807515,BENITO JUAREZ
PENNSYLVANIA - ARIZONA E309,19.39315646,-99.1795581,BENITO JUAREZ
CALLE 1 - AV. PATRIOTISMO E310,19.39532722,-99.18175293,BENITO JUAREZ
CALLE 5 - AVENIDA REVOLUCION E311,19.39366446,-99.18539286,BENITO JUAREZ
AVENIDA 2 - CALLE 7 E312,19.39263247,-99.18373925,BENITO JUAREZ
PENNSYLVANIA - OKLAHOMA E313,19.39142767,-99.17899124,BENITO JUAREZ
NUEVA YORK - LOUISIANA E314,19.39165209,-99.17732872,BENITO JUAREZ
ALABAMA - MONTANA E315,19.39147786,-99.17359886,BENITO JUAREZ
SAN FRANCISCO - CONCEPCION BEISTEGUI E316,19.39105402,-99.17119806,BENITO JUAREZ
AVENIDA COYOACAN - TORRES ADALID E317,19.39145786,-99.16615936,BENITO JUAREZ
LUZ SAVIÑON - AMORES E318,19.39224815,-99.16412803,BENITO JUAREZ
DIAGONAL SAN ANTONIO - LUZ SAVIÑON E319,19.39199429,-99.16268334,BENITO JUAREZ
ENRIQUE REBSAMEN - LUZ SAVIÑON E320,19.39132753,-99.15935698,BENITO JUAREZ
TORRES ADALID - ANAXAGORAS E321,19.38947853,-99.15751002,BENITO JUAREZ
HERIBERTO FRIAS - CONCEPCION BEISTEGUI E322,19.38853483,-99.16061785,BENITO JUAREZ
CONCEPCION BEISTEGUI - GABRIEL MANCERA E323,19.38902434,-99.16340288,BENITO JUAREZ
AMORES - AVENIDA EUGENIA E324,19.38725205,-99.16565618,BENITO JUAREZ
PROVIDENCIA - AVENIDA DEL VALLE E325,19.38818049,-99.16969088,BENITO JUAREZ
EUGENIA - NEBRASKA E326,19.38897991,-99.17481319,BENITO JUAREZ
GEORGIA - PENNSYLVANIA E327,19.38884812,-99.17771946,BENITO JUAREZ
AVENIDA 1 - CALLE 7 E328,19.39259293,-99.1847408,BENITO JUAREZ
CALLE 13 - AVENIDA 1 E329,19.39030726,-99.18480942,BENITO JUAREZ
CALLE 15 - AVENIDA PATRIOTISMO E330,19.38936566,-99.18260869,BENITO JUAREZ
AVENIDA 2 - CALLE 17 E331,19.38856707,-99.18395263,BENITO JUAREZ
SUR DE CALLE 27 - AVENIDA 3 E332,19.38550845,-99.18380848,BENITO JUAREZ
GEORGIA - CAROLINA E333,19.3876246,-99.18097576,BENITO JUAREZ
NUEVA YORK - AV. INSURGENTES E334,19.3865722,-99.17509232,BENITO JUAREZ
MAGDALENA - AMEYALCO E335,19.38700822,-99.17350347,BENITO JUAREZ
SAN BORJA - CDA. BARTOLOCHE E336,19.3855283,-99.16967413,BENITO JUAREZ
SAN BORJA - MARTIN MENLALDE E337,19.38484923,-99.16704057,BENITO JUAREZ
NICOLAS SAN JUAN - SAN BORJA E338,19.3842538,-99.16327298,BENITO JUAREZ
ENRIQUE REBSAMEN - AVENIDA EUGENIA E339,19.38603693,-99.16054332,BENITO JUAREZ
ANAXAGORAS - AVENIDA EUGENIA E340,19.3855701,-99.15818835,BENITO JUAREZ
SAN BORJA - AVENIDA CUAUHTEMOC E341,19.38285225,-99.15820518,BENITO JUAREZ
ANAXAGORAS - ANGEL URRAZA EJE 6 SUR E342,19.38107681,-99.15945596,BENITO JUAREZ
ENRIQUE REBSAMEN - DIVISION DEL NORTE E343,19.38410195,-99.16082678,BENITO JUAREZ
HERIBERTO FRIAS - ANGEL URRAZA EJE 6 SUR E344,19.38210862,-99.16224353,BENITO JUAREZ
MIRAFLORES - PATRICIO SANZ E345,19.3844957,-99.17222191,BENITO JUAREZ
SAN FRANCISCO - SANTA MARGARITA E346,19.38502417,-99.17407871,BENITO JUAREZ
PENNSYLVANIA - MAXIMINO AVILA CAMACHO E347,19.3843852,-99.17609512,BENITO JUAREZ
INDIANA - AVENIDA SAN ANTONIO E348,19.38536663,-99.17822031,BENITO JUAREZ
AUGUSTO RODIN - AVENIDA SAN ANTONIO E349,19.38569274,-99.18085802,BENITO JUAREZ
JOSE CLEMENTE OROZCO - CORREGGIO E350,19.38406213,-99.1814827,BENITO JUAREZ
CALLE 27 - AVENIDA REVOLUCION E351,19.38575111,-99.18629738,BENITO JUAREZ
TINTORETO - GIORGINE E352,19.3841128,-99.18544322,BENITO JUAREZ
CAROLINA - HOLBEIN E353,19.38216982,-99.17880904,BENITO JUAREZ
BOSTON - AV. INSURGENTES E354,19.3816643,-99.17668326,BENITO JUAREZ
CALIFORNIA - SACRAMENTO E355,19.38204893,-99.17328992,BENITO JUAREZ
MATIAS ROMERO - ADOLFO PRIETO E356,19.38129853,-99.17017388,BENITO JUAREZ
MATIAS ROMERO - AMORES E357,19.38060166,-99.16692711,BENITO JUAREZ
NICOLAS SAN JUAN - MATIAS ROMERO E358,19.38017761,-99.16422304,BENITO JUAREZ
MATIAS ROMERO - PESTALLOZZI E359,19.37927591,-99.16117231,BENITO JUAREZ
HERIBERTO FRIAS - MATIAS ROMERO E360,19.37903649,-99.16282596,BENITO JUAREZ
PORFIRIO DIAZ - CAPULIN E361,19.38071468,-99.17508091,BENITO JUAREZ
AUGUSTO RODIN - ALBERTO BALDERAS E362,19.38220862,-99.181043,BENITO JUAREZ
HOLBEIN - PAULO UCELLO E363,19.38081286,-99.18384969,BENITO JUAREZ
BOTICHELLI - CDA. DE GIORGONE E364,19.38306655,-99.18586062,BENITO JUAREZ
HOLBEIN - AVENIDA REVOLUCION E365,19.38111703,-99.18669127,BENITO JUAREZ
PORFIRIO DIAZ - AUGUSTO RODIN E366,19.37835033,-99.18197361,BENITO JUAREZ
BOSTON - AUGUSTO RODIN E367,19.379469,-99.18163133,BENITO JUAREZ
PORFIRIO DIAZ - CINCINATTI E368,19.37924375,-99.17934602,BENITO JUAREZ
PORFIRIO DIAZ - AV. INSURGENTES E369,19.37988719,-99.17747107,BENITO JUAREZ
TLACOQUEMECATL - AV. INSURGENTES E370,19.37882024,-99.17705435,BENITO JUAREZ
TLACOQUEMECATL - CAPULIN E371,19.37854977,-99.17433226,BENITO JUAREZ
DR. ROBERTO GAYOL - TLACOQUEMECATL E372,19.3779699,-99.17029113,BENITO JUAREZ
PILARES - GABRIEL MANCERA E373,19.37797003,-99.16666396,BENITO JUAREZ
PITAGORAS - PILARES E374,19.37697013,-99.16112539,BENITO JUAREZ
TENAYUCA - DIVISION DEL NORTE E375,19.37692231,-99.15880458,BENITO JUAREZ
PITAGORAS - AV. UNIVERSIDAD E376,19.37544877,-99.16159559,BENITO JUAREZ
HERIBERTO FRIAS - MIGUEL LAURENT E377,19.37540357,-99.16376443,BENITO JUAREZ
MIGUEL LAURENT - AMORES E378,19.37582296,-99.16807385,BENITO JUAREZ
DR. ROBERTO GAYOL - MIGUEL LAURENT E379,19.37575264,-99.17083954,BENITO JUAREZ
MORAS - SAN LORENZO E380,19.37488023,-99.17351448,BENITO JUAREZ
SAN LORENZO - MANZANAS E381,19.37553894,-99.17789004,BENITO JUAREZ
SAN LORENZO - AV. INSURGENTES E382,19.37559313,-99.1780846,BENITO JUAREZ
LUIS CARACCI - 2DA. LUIS CARACCI E383,19.37576347,-99.1815288,BENITO JUAREZ
EMPRESA - POUSSIN E384,19.3758745,-99.1855834,BENITO JUAREZ
POUSSIN - EMPRESA E385,19.37564999,-99.18558189,BENITO JUAREZ
POUSSIN - DONATELLO E386,19.37484127,-99.18584184,BENITO JUAREZ
CADIZ - EMPRESA E387,19.37455697,-99.18050355,BENITO JUAREZ
VALENCIA - MALAGA E388,19.37303985,-99.18135794,BENITO JUAREZ
SANTANDER - FELIX CUEVAS E389,19.37352584,-99.17935018,BENITO JUAREZ
OSO - FELIX CUEVAS E390,19.37323173,-99.1782609,BENITO JUAREZ
OSO - FELIX CUEVAS E391,19.37314038,-99.17828301,BENITO JUAREZ
PATRICIO SANZ - FELIX CUEVAS E392,19.37300761,-99.17477468,BENITO JUAREZ
ADOLFO PRIETO - FELIX CUEVAS E393,19.3727967,-99.17255853,BENITO JUAREZ
DR. ROBERTO GAYOL - FELIX CUEVAS E394,19.37244171,-99.17159565,BENITO JUAREZ
SAN LORENZO - CALLEJON MARTIN MENLALDE E395,19.3737492,-99.16981343,BENITO JUAREZ
MARTIN MENLALDE - FELIX CUEVAS E396,19.37155244,-99.17018712,BENITO JUAREZ
SAN LORENZO - GABRIEL MANCERA E397,19.3732006,-99.16725018,BENITO JUAREZ
SANCHEZ AZCONA - FELIX CUEVAS E398,19.37103728,-99.16566291,BENITO JUAREZ
HERIBERTO FRIAS - SAN LORENZO E399,19.37241124,-99.16451888,BENITO JUAREZ
SAN LORENZO - HERIBERTO FRIAS E400,19.37264701,-99.16427838,BENITO JUAREZ
SAN LORENZO - AVENIDA CUAUHTEMOC E401,19.37214755,-99.16157848,BENITO JUAREZ
UXMAL - MUNICIPIO LIBRE E402,19.37094549,-99.1587258,BENITO JUAREZ
UXMAL - MUNICIPIO LIBRE E403,19.37137236,-99.15863784,BENITO JUAREZ
MIGUEL LAURENT - AVENIDA DIVISION DEL NORTE E404,19.3738222,-99.15738525,BENITO JUAREZ
DIVISION DEL NORTE - MUNICIPIO LIBRE E405,19.3703681,-99.15663276,BENITO JUAREZ
PARROQUIA - AV. MEXICO COYOACAN E406,19.36783658,-99.16326302,BENITO JUAREZ
PROLONGACION XOCHICALCO - GENERAL EMILIANO ZAPATA E407,19.36729872,-99.15869198,BENITO JUAREZ
PROLONGACION PETEN - GENERAL EMILIANO ZAPATA E408,19.36677513,-99.15684185,BENITO JUAREZ
AZORES - DIVISION DEL NORTE E409,19.36510452,-99.15550119,BENITO JUAREZ
PROLONGACION TAJIN - PROLONGACION REPUBLICAS E410,19.36564022,-99.15806583,BENITO JUAREZ
PARROQUIA - AVENIDA MEXICO COYOACAN E411,19.3678682,-99.16362838,BENITO JUAREZ
PARROQUIA - AVENIDA UNIVERSIDAD E412,19.36842238,-99.16541458,BENITO JUAREZ
PARROQUIA - AVENIDA COYOACAN E413,19.36978181,-99.17190543,BENITO JUAREZ
PARROQUIA - JOSE IGNACIO BARTOLACHE E414,19.37018411,-99.17371435,BENITO JUAREZ
SAN FRANCISCO - PARROQUIA E415,19.37150101,-99.17601906,BENITO JUAREZ
RECREO - PARROQUIA E416,19.37130829,-99.1776088,BENITO JUAREZ
GOYA - AUGUSTO RODIN E417,19.37326309,-99.18433643,BENITO JUAREZ
GALICIA - ACTIPAN E418,19.37115132,-99.18303308,BENITO JUAREZ
ACTIPAN - CADIZ E419,19.37060902,-99.1815016,BENITO JUAREZ
MARIA LUZ BRINGAS - OSO E420,19.36973036,-99.17964075,BENITO JUAREZ
MARIA LUZ BRINGAS - OSO E421,19.36946542,-99.17939897,BENITO JUAREZ
BUFALO - JOSE MARIA RICO (EJE 8) E422,19.36836236,-99.17749526,BENITO JUAREZ
MORAS - JOSE MARIA RICO (EJE 8) E423,19.36763295,-99.17534321,BENITO JUAREZ
AMORES - JOSE MARIA RICO (EJE 8) E424,19.36721167,-99.17053196,BENITO JUAREZ
NICOLAS SAN JUAN - AVENIDA UNIVERSIDAD E425,19.3670868,-99.16740854,BENITO JUAREZ
CERRADA DE POPOCATEPETL - AV. POPOCATEPETL EJE 8 E426,19.3655186,-99.16601464,BENITO JUAREZ
AVENIDA MEXICO COYOACAN - AV. POPOCATEPETL EJE 8 E427,19.36502142,-99.16299605,BENITO JUAREZ
PROLONGACION UXMAL - AV. POPOCATEPETL (EJE 8) E428,19.36342495,-99.16035408,BENITO JUAREZ
PIRINEOS - AV. POPOCATEPETL (EJE 8) E429,19.36306975,-99.15829119,BENITO JUAREZ
TRIPOLI - AV. POPOCATEPETL (EJE 8) E430,19.36213873,-99.15497578,BENITO JUAREZ
BRUNO TRAVEN - PAZ MONTES DE OCA E431,19.36145,-99.15822149,BENITO JUAREZ
CARRILLO PTO - GOLONDRINAS E432,19.36129758,-99.16258098,BENITO JUAREZ
JOSE MARIA OLLOQUI - LOPEZ COSTILLA E433,19.3635658,-99.17082164,BENITO JUAREZ
JOSE MARIA OLLOQUI - AMORES E434,19.3637479,-99.17126681,BENITO JUAREZ
RODRIGUEZ SARO - AVENIDA COYOACAN E435,19.36515368,-99.17290801,BENITO JUAREZ
RODRIGUEZ SARO - BUFALLO E436,19.36621858,-99.17781699,BENITO JUAREZ
MORAS - COMUNAL E437,19.36480874,-99.17602032,BENITO JUAREZ
ADOLFO PRIETO - JOSE MARIA OLLOQUI E438,19.36480075,-99.17458059,BENITO JUAREZ
AMORES - AVENIDA COYOACAN E439,19.36218985,-99.17246804,BENITO JUAREZ
REAL DE MAYORAZGO - PUENTE XOCO E440,19.36064918,-99.16867015,BENITO JUAREZ
PUENTE XOCO - REAL DE MAYORAZGO E441,19.36121698,-99.1675289,BENITO JUAREZ
REAL DE MAYORAZGO - AVENIDA MEXICO COYOACAN E442,19.35991117,-99.16530123,BENITO JUAREZ
BRUNO TRAVE - AVENIDA MEXICO COYOACAN E443,19.35965928,-99.1620239,BENITO JUAREZ
GENERAL MANUEL RINCON - AGUSTIN GUTIERREZ E444,19.35938346,-99.15942871,BENITO JUAREZ
RIFF - AVENIDA RIO CHURUBUSCO E445,19.35827124,-99.15610662,BENITO JUAREZ
RIFF - AVENIDA RIO CHURUBUSCO E446,19.35860506,-99.15610297,BENITO JUAREZ
PROGRESO - CDA. ANTONIO MACEO E166,19.40607369,-99.1835518,MIGUEL HIDALGO
GENERAL SALVADOR ALVARADO - PROGRESO E167,19.40465913,-99.17937766,MIGUEL HIDALGO
COMERCIO - PROGRESO E168,19.40399893,-99.17760176,MIGUEL HIDALGO
PROSPERIDAD - PROGRESO E169,19.40302836,-99.17493644,MIGUEL HIDALGO
OBSERVATORIO ORIENTE - REVOLUCION E170,19.40403043,-99.18434008,MIGUEL HIDALGO
COMERCIO - JOSE MARTI E171,19.40259104,-99.17819829,MIGUEL HIDALGO
GENERAL FRANCISCO MURGUIA - JOSE MARTI E172,19.40349267,-99.18159838,MIGUEL HIDALGO
MINERIA - JOSE MARTI E173,19.40169226,-99.17639507,MIGUEL HIDALGO
MUTUALISMO - JOSE MARTI E175,19.40077489,-99.1725333,MIGUEL HIDALGO
PROGRESO - ASTRONOMOS E182,19.40208825,-99.17138396,MIGUEL HIDALGO
GENERAL GOMEZ PEDRAZA - GOBERNADOR TIBURCIO MONTIEL E184,19.41479414,-99.18508069,MIGUEL HIDALGO
GENERAL ANTONIO LEON - GENERAL PEDRO ANTONIO DE LOS SANTOS E185,19.41280223,-99.18280135,MIGUEL HIDALGO
GREGORIO V. GELATI - FRANCISCO MOLINOS DEL C. E186,19.41243273,-99.18852083,MIGUEL HIDALGO
GENRAL CANO - GOBERNADOR GREGORIO V. GELATI E187,19.41126952,-99.18551031,MIGUEL HIDALGO
GOBERNADOR MELCHOR MUZQUIZ - GOBERNADOR IGNACIO ESTEVA E188,19.41171097,-99.19014005,MIGUEL HIDALGO
GOBERNADOR RAFAEL REBOLLAR - GOBERNADOR JOSE CEBALLOS E189,19.41003899,-99.1879809,MIGUEL HIDALGO
GOBERNADOR IGNACIO ESTEVA - MAESTRO JOSE VASCONCELOS E190,19.40957443,-99.18383363,MIGUEL HIDALGO
GOBERNADOR RAFAEL REBOLLAR - GOBERNADOR VICENTE EGUIA E191,19.40790399,-99.18794951,MIGUEL HIDALGO
RUBEN DARIO - REFORMA E192,19.42592408,-99.190757,MIGUEL HIDALGO
RUBEN DARIO - REFORMA E193,19.42590455,-99.19073486,MIGUEL HIDALGO
AV. PASEO DE LA REFORMA - CIRCUITO MAHATMA GANDHI E194,19.42428548,-99.18033322,MIGUEL HIDALGO
CIRCUITO MAHATMA GANDHI - AV. PASEO DE LA REFORMA E195,19.42493013,-99.1851456,MIGUEL HIDALGO
LAGO TANGANICA - AV. EJERCITO NACIONAL E196,19.43834841,-99.19290783,MIGUEL HIDALGO
MIGUEL DE CERVANTES SAAVEDRA - FERROCARRIL DE CUERNAVACA E197,19.44007365,-99.20431551,MIGUEL HIDALGO
SOCRATES - EJERCITO NACIONAL E198,19.43816701,-99.20388698,MIGUEL HIDALGO
ANATOLE FRANCE - AV. EJERCITO NACIONAL E199,19.4379337,-99.19723913,MIGUEL HIDALGO
EMERSON - AV. EJERCITO NACIONAL E200,19.43760022,-99.1887867,MIGUEL HIDALGO
LOPE DE VEGA – EJERCITO NACIONAL E201,19.43742907,-99.18721388,MIGUEL HIDALGO
CALDERON DE LA BARCA - AV. HOMERO E202,19.43623707,-99.19889815,MIGUEL HIDALGO
TENNYSON - AV. HOMERO E203,19.43599112,-99.19483197,MIGUEL HIDALGO
TEMISTOCLES - HOMERO E204,19.43588072,-99.19152283,MIGUEL HIDALGO
TAINE - HOMERO E205,19.43552397,-99.18471552,MIGUEL HIDALGO
MOLIERE - HOMERO E206,19.43579933,-99.20142001,MIGUEL HIDALGO
TASSO - HOMERO E207,19.4348577,-99.18331976,MIGUEL HIDALGO
HESIODO - LAMARTINE E208,19.43360404,-99.18853004,MIGUEL HIDALGO
SOLON - HORACIO E209,19.4354744,-99.2063639,MIGUEL HIDALGO
EUGENIO SUE - HORACIO E210,19.43407739,-99.19409098,MIGUEL HIDALGO
NEWTON - HORACIO E211,19.43360521,-99.18852991,MIGUEL HIDALGO
HEGEL - HORACIO E212,19.43357331,-99.18809498,MIGUEL HIDALGO
SOLON - CICERON E213,19.43432235,-99.20631834,MIGUEL HIDALGO
PLATON - HORACIO E214,19.43435158,-99.20322352,MIGUEL HIDALGO
EDGAR ALAN POE - HORACIO E215,19.43384038,-99.19968165,MIGUEL HIDALGO
ALEJANDRO DUMAS - HORACIO E216,19.43342347,-99.19574386,MIGUEL HIDALGO
EULER - HORACIO E217,19.4328871,-99.18360501,MIGUEL HIDALGO
HEGEL - IBARBOUROU E218,19.43245133,-99.18803403,MIGUEL HIDALGO
ESOPO - FC DE CUERNAVACA E219,19.43354256,-99.20780895,MIGUEL HIDALGO
PLINO - PRESIDENTE MASARYK E220,19.4326534,-99.20572718,MIGUEL HIDALGO
EMILIO CASTELAR - PRESIDENTE MASARYK E221,19.43180263,-99.20156516,MIGUEL HIDALGO
ALEJANDRO DUMAS - PRESIDENTE MASARIK E222,19.4314063,-99.19577589,MIGUEL HIDALGO
NEWTON - PRESIDENTE MASARIK E223,19.43125021,-99.19161256,MIGUEL HIDALGO
HEGEL - PRESIDENTE MASARYK E224,19.4312556,-99.18806132,MIGUEL HIDALGO
PETRARCA - PRESIDENTE MASARYK E225,19.43117342,-99.1856108,MIGUEL HIDALGO
WALLON - PRESIDENTE MASARYK  E226,19.43103172,-99.18221909,MIGUEL HIDALGO
CAMPOS ELISEOS - PERIFERICO E227,19.4317927,-99.20737629,MIGUEL HIDALGO
CAMPOS ELISEOS - JEAN DE LA FONTAINE E228,19.4277062,-99.19911942,MIGUEL HIDALGO
DICKENS - SENECA E229,19.43051781,-99.20332833,MIGUEL HIDALGO
EDGAR ALAN POE - DICKENS E230,19.43010248,-99.20007382,MIGUEL HIDALGO
NEWTON - ARISTOTELES E231,19.42976739,-99.19349229,MIGUEL HIDALGO
TAINE - RUBEN DARIO E232,19.42894016,-99.18538999,MIGUEL HIDALGO
JULIO VERNE - LUIS G. URBINA E233,19.42931294,-99.19696812,MIGUEL HIDALGO
TRES PICOS - ARQUIMIDES E234,19.42782724,-99.1915371,MIGUEL HIDALGO
CAMPOS ELISEOS - MOLIERE E235,19.42933296,-99.20218269,MIGUEL HIDALGO
CAMPOS ELISEOS - MOLIERE E236,19.42946266,-99.2024723,MIGUEL HIDALGO
ANDRES BELLO - ELLIOT E237,19.42674269,-99.19398376,MIGUEL HIDALGO
ANDRES BELLO - ELLIOT E238,19.42676597,-99.19375269,MIGUEL HIDALGO
RINCON DEL BOSQUE - RUBEN DARIO E239,19.43015588,-99.18135679,MIGUEL HIDALGO
EJERCITO NACIONAL - FC DE CUERNAVACA E240,19.43855079,-99.2063028,MIGUEL HIDALGO
EJERCITO NACIONAL - JUAN VAZQUEZ DE LA MELLA E241,19.43862219,-99.20757931,MIGUEL HIDALGO
MIGUEL DE CERVANTES SAAVEDRA - PROL. MOLIERE E242,19.44034219,-99.20105013,MIGUEL HIDALGO
MIGUEL DE CERVANTES SAAVEDRA - LAGO FILT E243,19.44083641,-99.19671001,MIGUEL HIDALGO
MIGUEL DE CERVANTES SAAVEDRA - LAGO VICTORIA E244,19.44088536,-99.19331503,MIGUEL HIDALGO
LAGO ONEGA - AV. EJERCITO NACIONAL E245,19.43818593,-99.1904825,MIGUEL HIDALGO
LEIBNITZ - THIERS E246,19.43414796,-99.17983429,MIGUEL HIDALGO
HERSCHEL - ROUSSEAU E247,19.43227723,-99.18063758,MIGUEL HIDALGO
SHAKESPEARE - LAFAYETTE E248,19.43175347,-99.17739812,MIGUEL HIDALGO
SHAKESPEARE - DARWIN E249,19.42987716,-99.17756953,MIGUEL HIDALGO
DARWIN - MARIANO ESCOBEDO E250,19.42906105,-99.17966064,MIGUEL HIDALGO
GOETHE - DARWIN E251,19.42924757,-99.17536733,MIGUEL HIDALGO
VICTOR HUGO - SHAKESPEARE E252,19.427576,-99.17702065,MIGUEL HIDALGO
DANTE - TOLSTOI E253,19.42590153,-99.17795024,MIGUEL HIDALGO
CIRCUITO INTERIOR - JUAN ESCUTIA E258,19.41669788,-99.17909718,MIGUEL HIDALGO
12 DE OCTUBRE - MINERIA E285,19.39980232,-99.17751708,MIGUEL HIDALGO
13 DE SEPTIEMBRE - AVENIDA PATRIOTISMO E286,19.3991885,-99.17994402,MIGUEL HIDALGO
13 DE SEPTIEMBRE - PUENTE DE LA MORENA E287,19.39920192,-99.17994166,MIGUEL HIDALGO
CAMPOS ELISEOS - GOLDSMITH E451,19.42902129,-99.20132347,MIGUEL HIDALGO
LEIBNITZ - AV. EJERCITO NACIONAL E452,19.43503022,-99.17983985,MIGUEL HIDALGO
PEDREGAL - TEAPA E453,19.4248426,-99.20373703,MIGUEL HIDALGO
MONTES URALES - MONTE PELVOUX E454,19.42590622,-99.20423624,MIGUEL HIDALGO
PEDREGAL - FERROCARRIL DE CUERNAVACA E455,19.42630988,-99.20330298,MIGUEL HIDALGO
ALPES - MONTES ESCANDINAVOS E456,19.42752491,-99.20841059,MIGUEL HIDALGO
AV. PRADO NORTE - EXPLANADA E457,19.42702886,-99.21284738,MIGUEL HIDALGO
MONTES URALES - VOLCAN E458,19.42867679,-99.20660768,MIGUEL HIDALGO
VOLCAN - MONTES URALES E459,19.42924596,-99.20726782,MIGUEL HIDALGO
JUAN VAZQUEZ DE MELLA - HOMERO E460,19.43701432,-99.20793337,MIGUEL HIDALGO
PRESA DON MARTIN - BOULEVARD MIGUEL DE CERVANTES E461,19.44010898,-99.21002993,MIGUEL HIDALGO
PRESA FALCON - DANXHO E462,19.44233628,-99.20519683,MIGUEL HIDALGO
LAGO ANDROMACO - LAGO ZURICH E463,19.44233416,-99.20249475,MIGUEL HIDALGO
MATEO ALEMAN - PROLONGACION MOLIERE E464,19.44242877,-99.19983787,MIGUEL HIDALGO
LAGUNA DE GINEBRA - LAGO WETTER E465,19.44503687,-99.19407691,MIGUEL HIDALGO
LAGO ONEGA - LAGO LADOGA E466,19.44269074,-99.19083055,MIGUEL HIDALGO
LAGO MAYOR - LAGO ALBERTO E467,19.44040402,-99.18678598,MIGUEL HIDALGO
LAGO XOCHIMILCO - AV. EJERCITO NACIONAL E468,19.43661108,-99.17968317,MIGUEL HIDALGO
BAHIA DE LA CONCEPCION - BAHIA DE TODOS LOS SANTOS E469,19.43418011,-99.17309106,MIGUEL HIDALGO
BAHIA DE LAS PALMAS - BAHIA DE TODOS LOS SANTOS E470,19.43504153,-99.17387879,MIGUEL HIDALGO
BAHIA DE CHACHALACAS - BAHIA SANTA BARBARA E471,19.43629151,-99.1749017,MIGUEL HIDALGO
BAHIA SANTA BARBARA - BAHIA DE BALLENAS E472,19.43767181,-99.17710885,MIGUEL HIDALGO
BAHIA DEL ESPIRITU SANTO - BAHIA DE BANDERAS E473,19.43814873,-99.17518876,MIGUEL HIDALGO
BAHIA DE SAN HIPOLITO - BAHIA DEL ESPIRITU SANTO E474,19.43898862,-99.17754866,MIGUEL HIDALGO
LAGO MURITZ - LAGO ALBERTO E475,19.43925142,-99.18106727,MIGUEL HIDALGO
LAGO COMO - LAGUNA DE MAYRAN E476,19.44213415,-99.18443138,MIGUEL HIDALGO
LAGO ISEO - LAGUNA DE MAYRAN E477,19.44091082,-99.1817433,MIGUEL HIDALGO
LAGUNA DE MAYRAN - LAGO CHALCO E478,19.44081984,-99.17696275,MIGUEL HIDALGO
LAGO MURITZ - AV. MARINA NACIONAL E479,19.4444404,-99.17966307,MIGUEL HIDALGO
LAGO ISEO - AV. MARINA NACIONAL E480,19.44608147,-99.18165335,MIGUEL HIDALGO
